<CATALOG xmlns="http://www.wrox.com/axis/catalog">
       <DOCUMENTINFO>
           <DATE>02/15/2002</DATE>
       </DOCUMENTINFO>
       <SUPPLIERDETAILS>
           <SUPPLIERID>12345-56789</SUPPLIERID>
	   <SUPPLIERCONTACTEMAIL>support@supplier.com</SUPPLIERCONTACTEMAIL>
       </SUPPLIERDETAILS>
       <PRODUCTLIST>
	   <PRODUCT>
  	       <SUPPLIER-PRODUCTSKU>SKU-1</SUPPLIER-PRODUCTSKU>
	       <PRODUCTDESC>Toyota Spark Plug</PRODUCTDESC>
	       <PRODUCTPRICE>10.99</PRODUCTPRICE>
	       <PRODUCTUOM>Each</PRODUCTUOM>
	   </PRODUCT>
	   <PRODUCT>
  	       <SUPPLIER-PRODUCTSKU>SKU-2</SUPPLIER-PRODUCTSKU>
	       <PRODUCTDESC>Toyota Wiper</PRODUCTDESC>
	       <PRODUCTPRICE>2.99</PRODUCTPRICE>
	       <PRODUCTUOM>Each</PRODUCTUOM>
	   </PRODUCT>
       </PRODUCTLIST>
</CATALOG>
